City_ID,City,Lat,Lng,Max Temp,Humidity,Cloudiness,Wind Speed,Country,Date
0,faanui,-16.4833,-151.75,78.71,78.71,14,16.42,PF,1669012945
1,new norfolk,-42.7826,147.0587,50.92,49.5,23,5.01,AU,1669012946
2,trenggalek,-8.05,111.7167,84.58,84.58,100,6.17,ID,1669012946
3,cherskiy,68.75,161.3,-18.51,-18.51,100,5.84,RU,1669012947
4,bluff,-46.6,168.3333,58.8,58.8,100,13.51,NZ,1669012948
5,zlitan,32.4674,14.5687,62.26,62.26,0,16.75,LY,1669012949
6,nizhniy kuranakh,58.8353,125.4869,-14.37,-14.37,86,0.78,RU,1669012949
7,barrhead,55.7992,-4.3929,37.81,34.11,100,11.5,GB,1669012898
8,arraial do cabo,-22.9661,-42.0278,71.47,71.47,1,13.65,BR,1669012951
9,dikson,73.5069,80.5464,-21.73,-21.73,33,5.53,RU,1669012951
10,severo-kurilsk,50.6789,156.125,36.18,36.18,100,9.13,RU,1669012769
11,saint anthony,45.0205,-93.218,28.35,23.79,0,9.22,US,1669012883
12,rikitea,-23.1203,-134.9692,69.03,69.03,100,14.2,PF,1669012953
13,bredasdorp,-34.5322,20.0403,66.79,66.79,91,5.84,ZA,1669012953
14,port-gentil,-0.7193,8.7815,78.76,78.76,40,4.61,GA,1669012903
15,upernavik,72.7868,-56.1549,11.64,11.64,100,17.81,GL,1669012954
16,lebu,-37.6167,-73.65,52.57,52.57,4,18.05,CL,1669012777
17,ola,59.5833,151.2833,21.15,21.15,100,25.05,RU,1669012955
18,jamestown,42.097,-79.2353,26.19,10.94,100,12.66,US,1669012722
19,atuona,-9.8,-139.0333,77.25,77.25,27,7.87,PF,1669012956
20,hilo,19.7297,-155.09,73.26,68.61,75,8.05,US,1669012844
21,sao joao da barra,-21.6403,-41.0511,71.53,71.53,98,8.81,BR,1669012957
22,argudan,43.4214,43.9158,54.48,54.48,100,1.41,RU,1669012958
23,yellowknife,62.456,-114.3525,23.52,23.52,100,12.66,CA,1669012959
24,cape town,-33.9258,18.4232,69.89,66.11,0,9.22,ZA,1669012946
25,altagracia de orituco,9.8601,-66.3814,69.49,69.49,29,3.6,VE,1669012960
26,san cristobal,7.7669,-72.225,64.85,64.85,100,1.59,VE,1669012961
27,eucaliptus,-17.5833,-67.5167,45.28,45.28,75,1.74,BO,1669012961
28,hermanus,-34.4187,19.2345,64.8,64.8,43,5.61,ZA,1669012962
29,busselton,-33.65,115.3333,74.64,74.64,0,11.52,AU,1669012962
30,liwale,-9.7667,37.9333,85.19,85.19,91,5.75,TZ,1669012963
31,williston,48.147,-103.618,25.54,25.54,44,4.85,US,1669012861
32,port shepstone,-30.7414,30.455,72.16,72.16,58,17.11,ZA,1669012964
33,poso,-1.3959,120.7524,80.85,80.85,100,4.7,ID,1669012965
34,avarua,-21.2078,-159.775,73.45,73.45,40,8.05,CK,1669012966
35,kapaa,22.0752,-159.319,77.32,74.19,75,20.71,US,1669012543
36,longyearbyen,78.2186,15.6401,37.24,37.24,75,19.57,SJ,1669012873
37,bojnurd,37.4747,57.329,46.35,46.35,0,2.3,IR,1669012824
38,punta arenas,-53.15,-70.9167,46.51,46.11,40,14.97,CL,1669012967
39,abu samrah,35.3029,37.1841,63.34,63.34,100,7.47,SY,1669012849
40,mataura,-46.1927,168.8643,58.48,58.48,100,4.05,NZ,1669012968
41,bambous virieux,-20.3428,57.7575,82.65,80.22,40,18.41,MU,1669012969
42,mar del plata,-38.0023,-57.5575,60.1,56.82,100,12.66,AR,1669012970
43,hobart,-42.8794,147.3294,51.26,49.86,75,19.57,AU,1669012970
44,nueve de julio,-35.4444,-60.8831,54.97,54.97,99,5.99,AR,1669012971
45,nizhniy mamon,50.1937,40.5083,39.2,39.2,100,6.22,RU,1669012972
46,port blair,11.6667,92.75,87.84,87.84,40,5.75,IN,1669012972
47,redmond,47.674,-122.1215,46.85,38.86,99,3.0,US,1669012794
48,rajanpur,29.1035,70.325,80.58,80.58,1,6.06,PK,1669012973
49,sistranda,63.7256,8.834,26.56,26.56,0,28.88,NO,1669012974
50,tura,25.5198,90.2201,76.93,76.93,100,3.44,IN,1669012821
51,hofn,64.2539,-15.2082,44.1,44.1,100,9.51,IS,1669012975
52,vytegra,61.0064,36.4481,18.0,18.0,82,2.13,RU,1669012976
53,barrow,71.2906,-156.7887,21.22,21.22,100,14.97,US,1669012838
54,mahebourg,-20.4081,57.7,82.69,80.26,40,18.41,MU,1669012977
55,georgetown,5.4112,100.3354,89.53,84.24,20,7.0,MY,1669012776
56,berlevag,70.8578,29.0864,37.4,35.4,100,9.22,NO,1669012977
57,vardo,70.3705,31.1107,33.78,33.78,100,10.36,NO,1669012978
58,paracuru,-3.41,-39.0306,80.11,80.11,90,13.91,BR,1669012979
59,geraldton,-28.7667,114.6,93.61,93.61,0,17.27,AU,1669012979
60,klaksvik,62.2266,-6.589,45.52,45.52,49,16.64,FO,1669012686
61,avera,33.194,-82.5271,33.31,28.45,44,6.69,US,1669012980
62,takaka,-40.85,172.8,63.55,63.55,0,8.43,NZ,1669012981
63,san patricio,28.017,-97.5169,50.85,47.12,100,7.47,US,1669012982
64,gisborne,-38.6533,178.0042,64.08,64.08,17,10.67,NZ,1669012982
65,alofi,-19.0595,-169.9187,75.09,75.09,100,5.75,NU,1669012983
66,grand gaube,-20.0064,57.6608,82.8,80.38,5,8.99,MU,1669012879
67,ushuaia,-54.8,-68.3,46.06,46.06,40,3.44,AR,1669012684
68,port lincoln,-34.7333,135.8667,56.66,56.66,57,19.37,AU,1669012984
69,jumla,29.2747,82.1838,64.51,64.51,7,6.53,NP,1669012744
70,nuuk,64.1835,-51.7216,19.31,19.31,84,5.86,GL,1669012985
71,ucluelet,48.9329,-125.5528,45.09,45.09,100,7.34,CA,1669012986
72,ayagoz,47.9714,80.4392,27.0,27.0,100,6.42,KZ,1669012987
73,trapani,37.8333,12.6667,60.89,54.28,40,19.57,IT,1669012988
74,chapais,49.7834,-74.8492,4.78,4.78,100,7.31,CA,1669012988
75,karratha,-20.7377,116.8463,84.9,84.9,100,16.28,AU,1669012989
76,albany,42.6001,-73.9662,24.58,20.34,100,6.2,US,1669012801
77,aykhal,66.0,111.5,-16.19,-16.19,100,4.88,RU,1669012990
78,saint-philippe,-21.3585,55.7679,81.99,80.11,3,12.75,RE,1669012991
79,saskylakh,71.9167,114.0833,-34.31,-34.31,43,4.83,RU,1669012992
80,saint george,37.1041,-113.5841,37.99,37.99,0,4.61,US,1669012835
81,hrubieszow,50.805,23.8925,28.36,28.36,97,4.21,PL,1669012993
82,bilma,18.6853,12.9164,69.85,69.85,48,7.47,NE,1669012994
83,cidreira,-30.1811,-50.2056,68.99,68.99,100,17.65,BR,1669012995
84,east london,-33.0153,27.9116,74.34,74.34,0,2.3,ZA,1669012996
85,morros,-9.4467,-46.3003,68.34,68.34,10,2.77,BR,1669012996
86,lorengau,-2.0226,147.2712,84.7,84.7,95,9.4,PG,1669012997
87,inhambane,-23.865,35.3833,80.58,80.58,40,11.5,MZ,1669012998
88,saurimo,-9.6608,20.3916,70.84,70.84,100,4.54,AO,1669012998
89,san quintin,30.4833,-115.95,60.24,60.24,98,1.07,MX,1669012792
90,qui nhon,13.7667,109.2333,78.91,78.91,100,7.92,VN,1669013000
91,ribeira grande,38.5167,-28.7,64.78,64.78,97,3.0,PT,1669013000
92,novyy urengoy,66.0833,76.6333,-4.43,-4.43,100,14.9,RU,1669013001
93,kamaishi,39.2667,141.8833,54.68,54.68,69,4.41,JP,1669013002
94,butaritari,3.0707,172.7902,80.87,80.87,6,12.26,KI,1669013002
95,provideniya,64.3833,-173.3,17.31,17.31,100,12.86,RU,1669012786
96,nong khai,17.9167,103.0833,93.29,89.04,6,2.39,TH,1669013003
97,tuktoyaktuk,69.4541,-133.0374,21.2,21.2,100,3.44,CA,1669013004
98,listvyanskiy,54.4399,83.4984,11.23,11.23,100,8.88,RU,1669013004
99,itacare,-14.2775,-38.9967,71.24,71.24,87,4.23,BR,1669013005
100,port alfred,-33.5906,26.891,68.18,68.18,0,5.01,ZA,1669013006
101,diamantino,-14.4086,-56.4461,71.28,71.28,2,5.23,BR,1669012834
102,hithadhoo,-0.6,73.0833,80.71,80.71,95,8.79,MV,1669013007
103,krasnoselkup,65.7,82.4667,-19.71,-19.71,67,7.96,RU,1669013007
104,tasiilaq,65.6145,-37.6368,35.02,35.02,100,9.89,GL,1669013008
105,harper,4.375,-7.7169,76.57,76.57,95,2.39,LR,1669013009
106,bom jesus,-9.0744,-44.3586,70.02,70.02,87,2.21,BR,1669013010
107,los llanos de aridane,28.6585,-17.9182,63.12,62.35,75,11.5,ES,1669012777
108,castro,-24.7911,-50.0119,57.9,57.9,15,4.92,BR,1669012719
109,sungaipenuh,-2.0833,101.3833,78.85,78.85,96,6.35,ID,1669013011
110,luangwa,-15.6167,30.4167,86.22,86.22,87,13.91,ZM,1669013012
111,korla,41.7597,86.1469,45.1,45.1,100,9.37,CN,1669013012
112,phayao,19.25,100.25,88.2,88.2,76,2.59,TH,1669013013
113,pachino,36.7186,15.0907,59.31,59.31,0,20.71,IT,1669013014
114,tiksi,71.6872,128.8694,-18.2,-18.2,93,3.4,RU,1669013014
115,arlit,18.7369,7.3853,72.21,72.21,15,5.19,NE,1669013015
116,port elizabeth,-33.918,25.5701,71.31,68.29,20,6.91,ZA,1669013016
117,zwedru,6.0667,-8.1281,70.66,70.66,100,0.31,LR,1669013016
118,cortez,37.3489,-108.5859,24.69,16.56,0,8.05,US,1669013017
119,fortuna,40.5982,-124.1573,43.09,40.12,0,11.5,US,1669013017
120,bonavista,48.6499,-53.1147,38.53,38.53,5,24.96,CA,1669013018
121,ahipara,-35.1667,173.1667,63.86,63.86,100,11.63,NZ,1669013019
122,balkanabat,39.5108,54.3671,61.66,61.66,8,5.57,TM,1669013020
123,lagoa,39.05,-27.9833,63.77,63.77,99,0.25,PT,1669013020
124,jinchang,38.4953,102.1739,45.09,45.09,100,3.74,CN,1669013021
125,te anau,-45.4167,167.7167,50.76,50.76,100,5.68,NZ,1669013022
126,esperance,-33.8667,121.9,61.81,61.81,2,15.12,AU,1669013022
127,piranhas,-16.4269,-51.8222,69.24,69.24,7,2.48,BR,1669013023
128,can tho,10.0333,105.7833,82.38,82.38,75,1.14,VN,1669013024
129,zhigansk,66.7697,123.3711,-28.46,-28.46,98,2.55,RU,1669013024
130,antalaha,-14.9003,50.2788,80.42,80.42,4,10.4,MG,1669013025
131,portland,45.5234,-122.6762,42.21,34.43,0,8.05,US,1669012227
132,katsuura,35.1333,140.3,62.06,62.06,81,9.06,JP,1669013026
133,nioki,-2.7167,17.6833,74.32,74.32,100,2.48,CD,1669013027
134,fairbanks,64.8378,-147.7164,15.98,10.09,100,0.0,US,1669012784
135,ponta do sol,32.6667,-17.1,65.03,62.13,6,4.43,PT,1669013028
136,talnakh,69.4865,88.3972,-19.03,-19.03,100,2.26,RU,1669013028
137,vila franca do campo,37.7167,-25.4333,68.2,66.61,100,7.07,PT,1669013029
138,kajaani,64.2273,27.7285,21.25,21.25,100,1.14,FI,1669013030
139,meulaboh,4.1363,96.1285,83.26,83.26,95,6.13,ID,1669013030
140,luderitz,-26.6481,15.1594,69.64,69.64,92,13.09,,1669013031
141,husavik,66.0449,-17.3389,42.89,42.89,100,12.97,IS,1669013032
142,guerrero negro,27.9769,-114.0611,60.24,60.24,43,2.75,MX,1669012786
143,mogadishu,2.0371,45.3438,84.07,84.07,75,4.61,SO,1669012901
144,kodiak,57.79,-152.4072,38.71,38.71,100,4.61,US,1669013033
145,morvi,22.8167,70.8333,86.18,86.18,0,7.9,IN,1669013034
146,kushikino,31.7167,130.2667,72.86,72.09,2,8.9,JP,1669013034
147,yarega,63.4354,53.5765,26.71,26.71,99,7.34,RU,1669013035
148,chokurdakh,70.6333,147.9167,-33.14,-33.14,98,1.86,RU,1669013036
149,gimli,50.6336,-96.9907,24.82,24.82,44,12.66,CA,1669013036
150,aksu,41.1231,80.2644,47.07,47.07,4,3.42,CN,1669013037
151,careiro da varzea,-3.2003,-59.8119,81.23,81.21,80,2.89,BR,1669013037
152,vaini,-21.2,-175.2,77.97,77.97,100,8.55,TO,1669013038
153,swakopmund,-22.6833,14.5333,59.99,59.99,100,3.0,,1669013039
154,baltasi,56.3462,50.2062,20.3,20.3,46,0.85,RU,1669013039
155,khatanga,71.9667,102.5,-34.49,-34.49,39,3.87,RU,1669013040
156,hajnowka,52.7433,23.5812,25.09,25.09,90,4.03,PL,1669013041
157,axams,47.2081,11.2869,32.29,22.64,75,2.3,AT,1669013042
158,cocorit,27.5833,-109.9667,60.48,60.48,1,1.61,MX,1669013042
159,zima,53.9202,102.0442,14.25,14.25,100,4.29,RU,1669013043
160,manokwari,-0.8667,134.0833,83.43,83.43,25,3.27,ID,1669013043
161,puerto ayora,-0.7393,-90.3518,67.55,67.55,74,7.0,EC,1669013044
162,kutum,14.2,24.6667,68.65,68.65,0,6.46,SD,1669013045
163,codrington,-38.2667,141.9667,50.65,50.65,28,28.97,AU,1669013045
164,henties bay,-22.116,14.2845,63.46,63.46,100,7.25,,1669013046
165,olafsvik,64.8945,-23.7142,42.67,42.67,72,12.88,IS,1669013047
166,kalulushi,-12.8378,28.0919,81.16,81.16,10,7.47,ZM,1669013047
167,cabedelo,-6.9811,-34.8339,74.07,74.07,36,11.61,BR,1669013048
168,ibotirama,-12.1853,-43.2206,68.65,68.65,99,2.68,BR,1669013048
169,pisco,-13.7,-76.2167,62.65,62.02,86,0.0,PE,1669013049
170,harlingen,26.1906,-97.6961,49.05,46.94,100,14.97,US,1669012618
171,thompson,55.7435,-97.8558,14.16,14.16,75,8.05,CA,1669012801
172,atar,20.5169,-13.0499,67.84,67.84,0,10.25,MR,1669013050
173,mehamn,71.0357,27.8492,37.35,35.51,75,10.36,NO,1669013051
174,khash,28.2211,61.2158,62.33,62.33,33,7.27,IR,1669013052
175,daan,33.0558,106.2958,49.06,49.06,100,3.0,CN,1669013053
176,nyurba,63.2842,118.3319,-15.5,-15.5,67,2.15,RU,1669013053
177,taunggyi,20.7833,97.0333,77.0,77.0,65,2.55,MM,1669013054
178,muravlenko,63.7898,74.523,1.49,1.49,100,13.0,RU,1669013055
179,coihaique,-45.5752,-72.0662,39.81,39.15,0,2.3,CL,1669013055
180,waingapu,-9.6567,120.2641,86.88,86.88,46,9.28,ID,1669013056
181,pontes e lacerda,-15.2261,-59.3353,72.97,72.97,3,1.97,BR,1669013056
182,qaanaaq,77.484,-69.3632,-14.78,-14.78,21,6.62,GL,1669013057
183,clyde river,70.4692,-68.5914,-12.77,-12.77,0,13.8,CA,1669013058
184,ikeda,34.8221,135.4298,68.94,63.39,75,4.61,JP,1669012832
185,sur,22.5667,59.5289,81.64,81.64,0,6.58,OM,1669013059
186,nanortalik,60.1432,-45.2371,26.82,26.82,90,10.18,GL,1669013059
187,pochutla,15.7432,-96.4661,75.81,75.81,8,3.74,MX,1669013060
188,solnechnyy,50.7214,136.6319,21.9,21.9,72,6.22,RU,1669013061
189,kieta,-6.2167,155.6333,82.35,82.35,37,3.24,PG,1669013062
190,conde,-7.2597,-34.9075,72.86,72.86,20,4.61,BR,1669013062
191,vilcun,-38.65,-72.2333,39.94,39.94,1,2.26,CL,1669013063
192,torbay,47.6666,-52.7314,43.75,40.39,75,25.32,CA,1669013064
193,banda aceh,5.5577,95.3222,84.22,84.22,100,14.81,ID,1669013064
194,vilyuysk,63.7553,121.6247,-21.98,-21.98,62,1.81,RU,1669013065
195,boyolangu,-8.1181,111.8935,84.61,84.61,100,10.16,ID,1669013065
196,rio gallegos,-51.6226,-69.2181,41.05,41.05,0,2.3,AR,1669013066
197,saint-joseph,-21.3667,55.6167,80.98,79.11,8,2.24,RE,1669013058
198,abu zabad,12.35,29.25,79.61,79.61,0,15.23,SD,1669013067
199,ternate,0.8,127.4,82.92,82.92,91,5.86,ID,1669013068
200,otjiwarongo,-20.4637,16.6477,79.36,79.36,100,9.46,,1669013068
201,amazar,53.858,120.875,12.9,12.9,100,4.72,RU,1669013069
202,murdochville,48.9583,-65.5006,22.08,22.08,100,15.12,CA,1669013070
203,chuy,-33.6971,-53.4616,66.72,66.72,100,5.23,UY,1669013071
204,ketchikan,55.3422,-131.6461,42.51,42.51,100,6.8,US,1669013071
205,narsaq,60.9167,-46.05,26.82,26.82,100,1.05,GL,1669013072
206,carnarvon,-24.8667,113.6333,80.56,80.56,0,21.12,AU,1669013073
207,bengkulu,-3.8004,102.2655,83.46,83.46,15,10.45,ID,1669013073
208,moron,-34.6534,-58.6198,64.15,59.95,100,9.78,AR,1669013074
209,takoradi,4.8845,-1.7554,78.71,78.71,88,3.76,GH,1669013074
210,korem,12.5058,39.5228,58.5,58.5,0,7.25,ET,1669013075
211,avdon,54.6667,55.7167,11.52,11.25,75,0.0,RU,1669013076
212,aulla,44.2146,9.9678,52.95,49.33,11,2.82,IT,1669013076
213,xai-xai,-25.0519,33.6442,77.56,77.56,4,8.25,MZ,1669013077
214,nikki,9.9401,3.2108,72.34,72.34,12,3.78,BJ,1669013078
215,fonte boa,-2.4959,-66.2662,74.35,74.35,100,2.17,BR,1669013078
216,cabo san lucas,22.8909,-109.9124,70.61,69.19,16,2.35,MX,1669013079
217,inirida,3.8653,-67.9239,72.36,72.36,87,2.59,CO,1669013079
218,strezhevoy,60.7333,77.5889,-2.67,-2.67,100,12.64,RU,1669013080
219,saldanha,-33.0117,17.9442,64.45,64.45,59,16.13,ZA,1669013081
220,soyo,-6.1349,12.3689,77.54,77.54,100,2.59,AO,1669013082
221,kiunga,-6.1219,141.2906,83.71,83.71,95,1.05,PG,1669013082
222,rabo de peixe,37.8,-25.5833,67.28,65.71,75,10.36,PT,1669012931
223,kloulklubed,7.0419,134.2556,84.7,84.7,100,11.59,PW,1669013084
224,cody,44.5263,-109.0565,25.0,8.91,0,1.01,US,1669013058
225,nikolskoye,59.7035,30.7861,21.09,19.78,12,3.94,RU,1669013085
226,komsomolskiy,40.4272,71.7189,45.32,45.32,75,2.3,UZ,1669013086
227,huarmey,-10.0681,-78.1522,64.24,64.24,98,6.24,PE,1669013087
228,partizanskoye,55.5006,94.39,9.27,9.27,100,18.9,RU,1669013087
229,riyadh,24.6877,46.7219,64.54,64.54,3,8.05,SA,1669013088
230,poum,-20.2333,164.0167,80.19,80.19,44,11.23,NC,1669013089
231,gunjur,13.2019,-16.7339,64.47,64.47,0,3.44,GM,1669013089
232,jungapeo,19.45,-100.4833,61.81,61.81,98,5.91,MX,1669013090
233,codajas,-3.8367,-62.0569,77.52,77.52,98,0.92,BR,1669013091
234,wanning,18.8003,110.3967,76.89,76.89,100,10.54,CN,1669013091
235,robstown,27.7903,-97.6689,50.76,47.95,100,16.11,US,1669013092
236,bubaque,11.2833,-15.8333,81.64,81.64,92,10.0,GW,1669013093
237,pacific grove,36.6177,-121.9166,52.66,44.55,0,6.91,US,1669013094
238,kavieng,-2.5744,150.7967,84.67,84.67,100,10.92,PG,1669013094
239,kudahuvadhoo,2.6708,72.8944,81.37,81.37,23,22.1,MV,1669013095
240,san luis,-33.295,-66.3356,52.72,52.72,6,8.77,AR,1669013000
241,morondava,-20.2833,44.2833,82.31,82.31,17,10.69,MG,1669013096
242,samarai,-10.6167,150.6667,82.65,82.65,100,15.46,PG,1669013097
243,burewala,30.1667,72.65,80.15,80.15,0,5.79,PK,1669013079
244,yar-sale,66.8333,70.8333,5.43,5.43,100,15.61,RU,1669013098
245,trujillo,-8.116,-79.03,60.76,60.76,97,4.61,PE,1669013057
246,bakchar,57.0186,82.0711,-0.04,-0.04,22,6.02,RU,1669013099
247,suna,57.8338,50.0588,16.03,16.03,0,1.79,RU,1669013100
248,ancud,-41.8697,-73.8203,43.38,43.38,45,4.56,CL,1669013101
249,la ronge,55.1001,-105.2842,17.82,16.05,20,5.75,CA,1669013103
250,qaqortoq,60.7167,-46.0333,19.62,19.62,93,0.72,GL,1669013103
251,aberdeen,57.1437,-2.0981,33.49,27.09,100,3.44,GB,1669013105
252,saint-francois,46.4154,3.9054,38.68,35.04,0,2.3,FR,1669013106
253,fort morgan,40.2503,-103.8,26.02,21.85,0,5.75,US,1669013106
254,umm kaddadah,13.6017,26.6876,76.5,76.5,0,13.82,SD,1669013107
255,faya,18.3851,42.4509,59.11,57.72,4,3.38,SA,1669013108
256,ilulissat,69.2167,-51.1,21.22,21.22,75,4.61,GL,1669013109
257,leningradskiy,69.3833,178.4167,-24.12,-24.12,85,5.5,RU,1669013110
258,tocopilla,-22.092,-70.1979,62.31,62.31,22,2.46,CL,1669013110
259,aklavik,68.2191,-135.0107,6.51,6.51,100,4.16,CA,1669013111
260,bereda,43.2686,-7.5406,58.14,57.58,100,12.8,ES,1669013112
261,sorong,-0.8833,131.25,85.15,85.15,100,9.01,ID,1669012891
262,tambo,-14.8,-73.9167,41.52,41.52,100,1.3,PE,1669013113
263,sioux lookout,50.1001,-91.917,23.07,23.07,100,6.91,CA,1669013115
264,okha,53.5739,142.9478,23.04,23.04,32,9.17,RU,1669013116
265,qinggang,46.6833,126.0833,27.32,27.32,0,10.6,CN,1669013116
266,cap malheureux,-19.9842,57.6142,80.47,80.47,6,5.01,MU,1669013117
267,karaton,-6.3424,106.1045,85.51,85.51,13,9.57,ID,1669013117
268,miles city,46.4083,-105.8406,25.77,25.77,0,13.8,US,1669013120
269,carutapera,-1.195,-46.02,74.68,74.68,28,5.64,BR,1669013120
270,maldonado,-34.6667,-54.9167,63.79,63.23,100,1.43,UY,1669013121
271,amalapuram,16.5833,82.0167,81.82,81.82,100,6.87,IN,1669013122
272,mount gambier,-37.8333,140.7667,49.42,49.42,88,17.74,AU,1669013123
273,luanda,-8.8368,13.2343,78.8,78.8,75,6.91,AO,1669013123
274,wagar,16.1525,36.2032,83.19,83.19,0,9.42,SD,1669013124
275,touros,-5.1989,-35.4608,77.43,77.43,100,13.42,BR,1669013125
276,venafro,41.4834,14.0451,46.85,40.75,1,2.53,IT,1669013125
277,kochubey,44.3861,46.5825,56.55,56.55,100,10.98,RU,1669013126
278,svebolle,55.6518,11.2866,34.18,31.93,100,6.58,DK,1669013127
279,axim,4.8699,-2.2405,78.62,78.62,100,1.68,GH,1669013128
280,lannion,48.75,-3.4167,51.78,49.68,100,17.27,FR,1669013129
281,tamazunchale,21.2667,-98.7833,56.43,56.43,96,1.1,MX,1669013129
282,namibe,-15.1961,12.1522,73.4,73.4,100,8.97,AO,1669013130
283,kavaratti,10.5669,72.642,81.27,81.27,100,7.52,IN,1669013132
284,sao gabriel da cachoeira,-0.1303,-67.0892,73.53,73.53,99,1.41,BR,1669013133
285,dudinka,69.4058,86.1778,-27.44,-27.44,99,2.59,RU,1669013134
286,souillac,-20.5167,57.5167,82.78,82.78,40,18.41,MU,1669013134
287,puyo,-1.4667,-77.9833,64.11,64.11,100,3.53,EC,1669013135
288,guaraniacu,-25.1008,-52.8781,61.95,61.95,100,2.62,BR,1669013135
289,sept-iles,50.2001,-66.3821,23.0,18.05,20,10.36,CA,1669013136
290,forio,40.7342,13.8646,56.93,42.3,30,15.03,IT,1669013137
291,ulaanbaatar,47.9077,106.8832,14.13,14.13,40,2.24,MN,1669012940
292,saint-augustin,51.226,-58.6502,27.37,27.37,100,18.3,CA,1669013138
293,arman,59.7,150.1667,21.02,21.02,100,14.47,RU,1669013139
294,victoria,22.2855,114.1577,78.96,73.94,100,10.0,HK,1669013035
295,ampanihy,-24.7,44.75,79.09,79.09,30,9.62,MG,1669013140
296,canavieiras,-15.675,-38.9472,71.11,71.11,100,2.3,BR,1669013141
297,port hardy,50.6996,-127.4199,42.98,42.98,100,9.22,CA,1669013141
298,teguldet,57.3064,88.1667,-2.69,-2.69,100,8.97,RU,1669013142
299,coswig,51.1333,13.5833,36.99,34.99,100,3.44,DE,1669013143
300,scarborough,54.2797,-0.4044,38.66,27.97,72,7.96,GB,1669013144
301,bonnyville,54.2668,-110.735,24.12,17.4,100,3.27,CA,1669013110
302,telemaco borba,-24.3239,-50.6156,59.31,59.31,28,1.74,BR,1669013145
303,sao lourenco do sul,-31.3653,-51.9783,68.54,68.54,100,8.99,BR,1669013145
304,parauna,-16.9478,-50.4486,66.06,66.06,4,2.71,BR,1669013146
305,yulara,-25.2406,130.9889,83.64,83.64,55,10.04,AU,1669013147
306,orchard homes,46.8633,-114.0484,10.54,8.58,0,3.44,US,1669013147
307,deputatskiy,69.3,139.9,-24.9,-24.9,57,2.17,RU,1669013148
308,campo grande,-20.4428,-54.6464,78.35,78.35,20,10.36,BR,1669013148
309,romny,50.751,33.4747,32.67,32.67,100,5.26,UA,1669013149
310,brae,60.3964,-1.353,45.05,45.05,100,16.15,GB,1669013150
311,hamilton,39.1834,-84.5333,27.88,17.04,0,8.05,US,1669012873
312,hukuntsi,-24.0,21.75,83.97,83.97,100,13.67,BW,1669013151
313,lasa,46.6166,10.7002,38.28,38.28,89,4.34,IT,1669013151
314,talas,38.6908,35.5538,43.47,43.47,100,2.3,TR,1669013152
315,trebinje,42.7119,18.3442,48.76,48.54,75,12.66,BA,1669013153
316,wuchi,29.3786,103.023,47.91,47.91,75,3.69,CN,1669013153
317,suchiate,14.55,-92.2167,76.35,76.35,100,4.36,MX,1669013154
318,tulun,54.5611,100.5792,12.51,12.51,100,3.36,RU,1669013154
319,nome,64.5011,-165.4064,30.27,28.11,100,0.0,US,1669013069
320,abu kamal,34.4506,40.9171,65.73,65.73,97,4.76,SY,1669013155
321,menongue,-14.6585,17.691,75.52,75.52,100,6.53,AO,1669013156
322,renala khurd,30.8833,73.6,78.89,78.89,0,7.29,PK,1669013157
323,picota,-6.9197,-76.3304,73.33,73.33,99,0.38,PE,1669013157
324,iquique,-20.2208,-70.1431,62.64,62.64,28,1.43,CL,1669013158
325,sao filipe,14.8961,-24.4956,74.52,74.52,49,9.86,CV,1669013158
326,esso,55.9333,158.7,14.4,14.4,100,4.18,RU,1669013159
327,peterhead,57.5058,-1.7981,27.0,27.0,100,14.65,GB,1669013160
328,edendale,-29.6528,30.3147,75.49,75.49,7,3.27,ZA,1669013160
329,jieshi,22.8134,115.8257,75.42,75.42,100,21.21,CN,1669013161
330,bang saphan,11.2126,99.5117,79.21,79.21,100,1.74,TH,1669013161
331,rio grande,-32.035,-52.0986,69.06,69.06,100,15.19,BR,1669013162
332,mokhsogollokh,61.4681,128.9203,-14.73,-14.73,100,2.95,RU,1669013163
333,villarrica,-25.75,-56.4333,70.2,70.2,100,4.54,PY,1669013163
334,alban,4.8766,-74.4377,57.61,57.61,99,3.36,CO,1669013164
335,champerico,14.3,-91.9167,77.07,77.07,100,4.59,GT,1669013165
336,scottsbluff,41.8666,-103.6672,27.72,21.43,0,8.05,US,1669013165
337,sitka,57.0531,-135.33,48.09,48.09,100,14.97,US,1669013166
338,valparaiso,-33.0393,-71.6273,49.64,49.64,0,5.75,CL,1669013166
339,lompoc,34.6391,-120.4579,52.84,39.09,0,10.36,US,1669013167
340,dalianwan,39.0286,121.695,50.04,50.04,0,11.18,CN,1669013168
341,port macquarie,-31.4333,152.9167,84.88,84.88,37,12.24,AU,1669013169
342,amvrosiyivka,47.7935,38.4777,51.12,51.12,100,5.79,UA,1669013169
343,mocuba,-16.8392,36.9856,88.2,88.2,6,6.38,MZ,1669013170
344,dillon,34.4166,-79.3712,35.89,28.49,90,5.93,US,1669013171
345,flinders,-34.5833,150.8552,66.06,63.25,0,22.19,AU,1669013171
346,hasaki,35.7333,140.8333,63.21,63.0,79,9.78,JP,1669013172
347,mikun,62.3547,50.0771,22.89,22.89,100,6.49,RU,1669013173
348,benin,9.5,2.25,72.1,72.1,96,2.3,BJ,1669013173
349,sri madhopur,27.4667,75.6,77.63,77.63,0,6.98,IN,1669013174
350,varhaug,58.6147,5.6457,29.86,26.15,19,6.46,NO,1669013175
351,egvekinot,66.3167,-179.1667,-13.83,-13.83,100,13.4,RU,1669013175
352,dingle,10.9995,122.6711,84.63,84.63,85,7.52,PH,1669013176
353,praia da vitoria,38.7333,-27.0667,63.75,62.85,40,2.66,PT,1669013177
354,ballina,-28.8667,153.5667,89.02,87.78,100,6.62,AU,1669013178
355,boffa,10.1667,-14.0333,72.5,72.5,93,3.4,GN,1669013178
356,bathsheba,13.2167,-59.5167,81.21,81.21,40,21.85,BB,1669013179
357,omaruru,-21.4333,15.9333,78.78,78.78,99,6.17,,1669013179
358,ulety,51.3572,112.4849,17.11,17.11,49,0.89,RU,1669013180
359,dunedin,-45.8742,170.5036,57.79,57.79,100,1.99,NZ,1669013181
360,moose factory,51.2585,-80.6094,12.18,10.4,100,13.8,CA,1669013182
361,lakselv,70.0513,24.9718,8.42,8.42,0,5.75,NO,1669013182
362,opuwo,-18.0607,13.84,79.41,79.41,93,4.34,,1669013183
363,norman wells,65.282,-126.8329,19.44,19.44,100,5.75,CA,1669013183
364,constitucion,-35.3333,-72.4167,54.88,54.88,1,7.18,CL,1669013184
365,broken hill,-31.95,141.4333,66.56,66.56,0,25.21,AU,1669013185
366,mattru,7.6244,-11.8332,73.13,73.13,98,2.21,SL,1669013186
367,anito,12.4497,125.2886,81.82,81.82,23,7.0,PH,1669013186
368,namatanai,-3.6667,152.4333,83.1,83.1,100,8.63,PG,1669013187
369,khasan,42.4308,130.6434,43.65,43.65,7,17.29,RU,1669013187
370,chernoyerkovskaya,45.4331,37.7686,61.41,61.41,100,9.55,RU,1669013188
371,kita,13.0349,-9.4895,71.2,71.2,100,2.06,ML,1669013189
372,plaster rock,46.9065,-67.39,16.59,15.96,100,12.37,CA,1669013189
373,imbituba,-28.24,-48.6703,66.52,66.52,45,9.46,BR,1669013190
374,forecariah,9.4306,-13.0881,73.27,73.27,96,3.06,GN,1669013191
375,vanimo,-2.6741,141.3028,83.37,83.37,34,5.55,PG,1669013191
376,kaa-khem,51.6833,94.7333,12.79,12.79,100,2.66,RU,1669013192
377,neiafu,-18.65,-173.9833,78.48,78.48,100,8.57,TO,1669013192
378,iqaluit,63.7506,-68.5145,10.13,10.13,100,4.61,CA,1669013151
379,babstovo,48.1167,132.4833,20.34,20.34,39,5.06,RU,1669013193
380,kokstad,-30.5472,29.4241,71.35,71.35,14,3.65,ZA,1669013194
381,necochea,-38.5473,-58.7368,55.81,55.81,100,15.95,AR,1669013195
382,okuchi,32.0667,130.6167,70.48,69.71,88,3.47,JP,1669013195
383,kitgum,3.2783,32.8867,81.75,81.75,99,5.95,UG,1669013196
384,dmytrivka,45.9717,28.9864,48.52,48.52,100,14.76,UA,1669013167
385,beyneu,45.3167,55.2,48.31,48.31,100,7.09,KZ,1669013197
386,daru,-9.0763,143.2092,84.51,84.51,87,8.3,PG,1669013197
387,hurghada,27.2574,33.8129,73.44,73.44,0,6.91,EG,1669012924
388,kysyl-syr,63.8986,122.7617,-26.48,-26.48,83,1.32,RU,1669013199
389,nokaneng,-19.6667,22.2667,92.05,92.05,12,7.4,BW,1669013199
390,saint-pierre,-21.3393,55.4781,82.08,80.19,0,13.8,RE,1669013200
391,decatur,39.8403,-88.9548,30.25,24.98,0,16.11,US,1669013163
392,andrews,32.3187,-102.5457,36.66,30.6,100,6.91,US,1669013201
393,salina cruz,16.1667,-95.2,72.03,72.03,49,20.04,MX,1669013201
394,damoh,23.8333,79.45,75.33,75.33,9,5.06,IN,1669013202
395,pevek,69.7008,170.3133,-8.36,-8.36,100,7.45,RU,1669013203
396,loucovice,48.6202,14.2575,36.12,34.03,100,10.92,CZ,1669013203
397,bethlehem,-1.4558,-48.5044,78.84,78.84,75,4.61,BR,1669013204
398,odate,40.2686,140.5683,59.14,59.14,75,3.44,JP,1669013204
399,robinson,31.4677,-97.1147,41.86,39.2,100,3.44,US,1669013023
400,tual,-5.6667,132.75,85.06,85.06,100,11.48,ID,1669013206
401,araouane,18.9048,-3.5265,67.39,67.39,91,12.48,ML,1669013206
402,adrar,20.5022,-10.0711,64.54,64.54,0,13.22,MR,1669013207
403,punta alta,-38.8759,-62.0736,58.53,58.53,0,12.28,AR,1669013208
404,nouadhibou,20.931,-17.0347,67.69,67.69,0,15.66,MR,1669013208
405,margate,51.3813,1.3862,43.9,39.69,100,10.27,GB,1669013210
406,tucuman,-26.8241,-65.2226,64.4,64.4,75,18.41,AR,1669013210
407,alice springs,-23.7,133.8833,76.55,76.55,100,14.97,AU,1669013211
408,churapcha,62.0025,132.4325,-23.94,-23.94,82,4.09,RU,1669013212
409,okhotsk,59.3833,143.3,20.73,20.73,100,13.31,RU,1669013212
410,pyapon,16.2833,95.6833,86.86,86.86,6,6.46,MM,1669013213
411,macara,-4.3833,-79.95,67.87,67.87,99,0.78,EC,1669013214
412,buchanan,5.8808,-10.0467,74.79,74.79,100,4.05,LR,1669013214
413,kautokeino,69.0125,23.0412,5.59,5.59,0,1.36,NO,1669013215
414,mana,5.6592,-53.7767,77.0,77.0,91,9.98,GF,1669013215
415,yining,29.0361,114.5636,67.82,67.82,100,0.81,CN,1669013216
416,nguruka,-5.1092,31.0419,66.36,66.36,100,1.97,TZ,1669013217
417,seoul,37.5683,126.9778,61.99,56.64,75,6.91,KR,1669013132
418,erenhot,43.6475,111.9767,36.97,36.97,8,12.91,CN,1669013218
419,iwaki,37.05,140.8833,61.41,61.02,80,1.01,JP,1669013218
420,atambua,-9.1061,124.8925,79.3,79.3,100,4.14,ID,1669013219
421,concordia,-31.393,-58.0209,68.79,68.79,100,3.09,AR,1669013220
422,darhan,49.4867,105.9228,22.98,22.98,17,5.91,MN,1669013220
423,rietavas,55.7194,21.9311,24.51,24.51,97,7.83,LT,1669013221
424,ialibu,-6.2821,143.9935,60.85,60.85,100,1.48,PG,1669013222
425,north platte,41.1239,-100.7654,15.69,15.69,0,6.91,US,1669013222
426,gao,16.6362,1.637,70.38,70.38,100,12.71,ML,1669013223
427,gushikawa,26.3544,127.8686,78.8,77.63,0,11.5,JP,1669013224
428,kropotkin,45.4375,40.5756,61.07,61.07,100,5.84,RU,1669013224
429,doha,25.2867,51.5333,76.98,75.09,0,13.8,QA,1669013225
430,kutahya,39.4242,29.9833,58.14,58.14,100,16.4,TR,1669013226
431,marsa matruh,31.3525,27.2453,59.2,59.2,100,0.0,EG,1669013226
432,anaco,9.4389,-64.4728,71.47,71.47,26,6.76,VE,1669013227
433,banfora,10.6333,-4.7667,70.99,70.99,99,4.45,BF,1669013228
434,lima,-12.0432,-77.0282,62.91,62.85,40,5.75,PE,1669013228
435,sikonge,-5.6333,32.7667,77.49,77.49,87,3.69,TZ,1669013229
436,lanivtsi,49.8633,26.0908,28.0,28.0,100,2.39,UA,1669013229
437,yenagoa,4.9247,6.2642,79.54,79.54,100,3.4,NG,1669013230
438,bowen,-20.0167,148.2333,83.25,83.25,49,13.2,AU,1669013231
439,maniitsoq,65.4167,-52.9,20.61,20.61,99,5.59,GL,1669013231
440,rassvet,46.8333,40.75,57.13,57.13,100,9.46,RU,1669013232
441,kamariotissa,40.4833,25.4667,68.22,68.22,0,32.39,GR,1669013233
442,isangel,-19.55,169.2667,84.31,84.31,5,4.61,VU,1669013233
443,acapulco,16.8634,-99.8901,76.73,76.73,62,4.59,MX,1669013234
444,yumen,40.2833,97.2,47.57,47.57,100,18.28,CN,1669013235
445,labuhan,-6.8844,112.2051,85.55,85.55,100,7.54,ID,1669013235
446,suntar,62.1444,117.6319,-9.69,-9.69,26,3.09,RU,1669013236
447,porto seguro,-16.4497,-39.0647,70.32,70.32,100,6.91,BR,1669013237
448,nabire,-3.3667,135.4833,86.68,86.68,58,3.98,ID,1669013238
449,parry sound,45.3501,-80.033,30.11,23.05,100,12.77,CA,1669013239
450,dryden,49.7833,-92.7503,21.49,21.49,100,10.36,CA,1669013239
451,beringovskiy,63.05,179.3167,-3.87,-3.87,5,21.3,RU,1669013240
452,khandyga,62.6667,135.6,-29.72,-29.72,31,0.69,RU,1669013240
453,baherden,38.4362,57.4316,65.73,65.73,2,2.57,TM,1669013241
454,ust-maya,60.4167,134.5333,-6.32,-6.32,98,4.97,RU,1669013242
455,vega de alatorre,20.0333,-96.6333,62.58,62.58,100,16.78,MX,1669013243
456,banjar,-8.19,114.9675,84.47,84.47,100,4.72,ID,1669013244
457,coruripe,-10.1256,-36.1756,74.59,74.59,85,10.2,BR,1669013245
458,salinopolis,-0.6136,-47.3561,78.93,78.93,51,9.53,BR,1669013245
459,wattegama,6.7989,81.4808,88.93,88.93,13,1.54,LK,1669013246
460,teya,60.3778,92.6267,-4.41,-4.41,96,1.59,RU,1669013247
461,vershino-darasunskiy,52.35,115.5167,10.69,10.69,8,1.99,RU,1669013247
462,rairangpur,22.2676,86.1751,78.26,78.26,97,4.72,IN,1669013248
463,klyuchi,52.2667,79.1667,18.14,18.14,96,7.61,RU,1669013249
464,tuatapere,-46.1333,167.6833,55.85,55.85,100,5.1,NZ,1669013249
465,xining,36.6167,101.7667,38.79,38.79,97,4.5,CN,1669013250
466,teguise,29.0605,-13.564,62.82,62.82,20,11.5,ES,1669013251
467,mandalgovi,45.7625,106.2708,32.13,32.13,7,14.99,MN,1669013251
468,alta floresta,-9.8756,-56.0861,68.99,68.99,52,3.2,BR,1669013252
469,marrakesh,31.6315,-8.0083,53.67,53.67,0,3.44,MA,1669012991
470,palembang,-2.9167,104.7458,91.49,91.49,40,4.61,ID,1669013253
471,santo domingo,18.5001,-69.9886,76.03,74.88,7,3.0,DO,1669013247
472,sakaiminato,35.55,133.2333,66.18,66.13,75,8.05,JP,1669013254
473,broome,42.2506,-75.833,25.63,18.45,100,6.91,US,1669013255
474,quelimane,-17.8786,36.8883,82.35,81.91,75,14.0,MZ,1669013255
475,hobyo,5.3505,48.5268,83.95,83.95,100,16.35,SO,1669013256
476,marawi,7.9986,124.2928,75.9,75.9,48,3.42,PH,1669013257
477,roald,62.5833,6.1333,34.32,30.0,0,3.44,NO,1669013257
478,eureka,40.8021,-124.1637,43.36,40.39,15,4.12,US,1669013258
479,cudahy,33.9606,-118.1853,65.88,56.97,0,0.0,US,1669013161
480,newton,42.337,-71.2092,28.11,23.49,0,20.71,US,1669013053
481,kindu,-2.95,25.95,77.77,77.77,89,1.12,CD,1669013259
482,otofuke,42.9917,143.2003,47.35,47.35,100,1.61,JP,1669013123
483,nicoya,10.1483,-85.452,71.29,71.29,100,4.27,CR,1669013260
484,matara,5.9485,80.5353,85.59,85.59,31,12.64,LK,1669013261
485,kokopo,-4.352,152.2633,84.79,84.79,17,1.41,PG,1669013262
486,ilebo,-4.3167,20.5833,74.64,74.64,100,1.12,CD,1669013262
487,havoysund,70.9963,24.6622,37.63,37.63,69,8.37,NO,1669013263
488,laramie,41.3114,-105.5911,23.95,16.18,0,3.44,US,1669013164
489,makubetsu,45.3714,141.8211,46.11,46.11,75,3.44,JP,1669013264
490,bone,51.9669,12.1396,31.24,29.28,100,4.9,DE,1669013265
491,waipawa,-41.4122,175.5153,58.39,58.39,86,16.15,NZ,1669013265
492,poya,-21.35,165.15,79.97,79.97,64,5.55,NC,1669013266
493,macenta,8.5435,-9.471,66.51,66.51,86,1.5,GN,1669013266
494,pangnirtung,66.1451,-65.7125,-1.71,-1.71,79,7.38,CA,1669013267
495,halkirk,52.2834,-112.1518,33.37,33.37,100,3.24,CA,1669013268
496,den helder,52.9599,4.7593,37.38,33.96,100,10.0,NL,1669013268
497,beira,-19.8436,34.8389,77.09,77.09,100,10.36,MZ,1669013269
498,les cayes,18.2,-73.75,74.84,74.84,91,4.5,HT,1669013270
499,ambilobe,-13.2,49.05,89.26,89.26,65,1.99,MG,1669013270
500,wilmington,34.2257,-77.9447,39.9,34.86,0,1.01,US,1669013112
501,auki,-8.7676,160.7034,80.42,80.42,90,4.5,SB,1669013271
502,rawah,34.4816,41.9093,66.43,66.43,4,9.1,IQ,1669013272
503,waddan,29.1614,16.139,56.12,56.12,0,7.52,LY,1669013273
504,raudeberg,61.9875,5.1352,30.96,27.27,0,6.64,NO,1669013273
505,weligama,5.9667,80.4167,84.52,84.52,28,12.24,LK,1669013274
506,sorland,67.667,12.6934,44.46,44.46,0,10.45,NO,1669013274
507,hualmay,-11.0964,-77.6139,63.55,63.55,93,6.46,PE,1669013275
508,marystown,47.1666,-55.1483,36.27,36.27,100,35.25,CA,1669013276
509,escanaba,45.7453,-87.0646,31.96,21.51,0,14.0,US,1669013276
510,nadym,65.5333,72.5167,3.69,3.69,100,10.13,RU,1669013277
511,praya,14.9215,-23.5087,73.94,73.94,40,16.11,CV,1669013277
512,santona,43.4439,-3.4576,62.6,56.32,100,9.78,ES,1669013278
513,awjilah,29.1081,21.2869,65.48,65.48,5,8.14,LY,1669013279
514,prainha,-1.8,-53.48,72.72,72.72,100,2.95,BR,1669013279
515,sukumo,32.9333,132.7333,65.77,65.77,100,4.94,JP,1669013280
516,mananjary,-21.2167,48.3333,86.68,86.68,39,4.14,MG,1669013281
517,hay river,60.8156,-115.7999,21.18,21.16,75,12.66,CA,1669013132
518,chateau-thierry,49.05,3.4,44.22,42.37,100,6.78,FR,1669013282
519,ilinskiy,55.619,38.1182,23.38,22.71,100,8.99,RU,1669013282
520,ngama,11.7833,17.1667,79.38,79.38,50,12.06,TD,1669013283
521,kahului,20.8947,-156.47,77.85,69.31,20,10.36,US,1669013284
522,sambava,-14.2667,50.1667,82.08,82.08,0,9.66,MG,1669013284
523,naze,28.3667,129.4833,74.32,74.32,3,8.03,JP,1669013285
524,grosseto,42.8333,11.25,52.92,40.69,20,5.75,IT,1669012990
525,veraval,20.9,70.3667,84.9,84.9,6,6.96,IN,1669013286
526,gizo,-8.103,156.8419,85.1,85.1,5,6.26,SB,1669013286
527,grindavik,63.8424,-22.4338,41.47,39.15,75,16.11,IS,1669013287
528,killybegs,54.6333,-8.45,47.8,47.8,100,29.51,IE,1669013288
529,airai,-8.9266,125.4092,66.69,66.69,100,0.63,TL,1669013289
530,lata,40.1629,-8.3327,61.07,60.82,100,10.74,PT,1669013289
531,capao da canoa,-29.7456,-50.0097,67.46,67.46,85,11.52,BR,1669013290
532,batemans bay,-35.7167,150.1833,65.1,65.1,1,14.7,AU,1669013291
533,laguna,38.421,-121.4238,53.01,33.89,0,4.61,US,1669013291
534,ostuni,40.7276,17.5764,51.58,47.37,15,17.02,IT,1669013292
535,mogocha,53.7333,119.7667,9.37,9.37,68,2.75,RU,1669013293
536,muros,42.7762,-9.0603,60.67,59.85,100,17.02,ES,1669013294
537,gat,31.61,34.7642,77.77,72.39,100,8.59,IL,1669013295
538,san angelo,31.4638,-100.437,39.94,37.6,100,3.0,US,1669013296
539,luau,-10.7073,22.2247,72.0,72.0,100,4.09,AO,1669013297
540,montauban,44.0833,1.5,46.0,46.0,100,9.62,FR,1669013297
541,minas,-34.3759,-55.2377,64.69,64.69,100,3.67,UY,1669013298
542,dubti,11.7361,41.0853,84.0,84.0,0,11.88,ET,1669013299
543,pemangkat,1.1667,108.9667,84.38,84.38,71,12.21,ID,1669013299
544,gheorgheni,46.7167,25.6167,34.75,34.75,100,4.9,RO,1669013300
545,puerto el triunfo,13.2833,-88.55,75.16,75.16,100,6.38,SV,1669013301
546,karasburg,-28.0167,18.75,79.99,79.99,100,5.19,,1669013301
547,terrace,54.5163,-128.6035,30.11,30.11,100,0.0,CA,1669012706
548,huron,41.1501,-82.5499,24.98,15.66,0,11.1,US,1669013302
549,bako,5.7833,36.5667,76.5,76.5,24,1.52,ET,1669013303
550,shingu,33.7333,135.9833,64.38,64.38,80,2.53,JP,1669013304
551,morant bay,17.8815,-76.4093,80.22,80.22,39,8.23,JM,1669013304
552,warrnambool,-38.3833,142.4833,50.04,50.04,96,29.66,AU,1669013305
553,carupano,10.6678,-63.2585,74.52,74.52,17,5.88,VE,1669013306
554,ouadda,8.0777,22.4007,83.84,83.84,58,6.46,CF,1669013306
555,borovskoy,53.8,64.15,13.32,13.32,9,5.7,KZ,1669013307
556,eyl,7.9803,49.8164,84.2,84.2,49,16.62,SO,1669013308
557,dhrangadhra,22.9833,71.4667,85.19,85.19,0,7.47,IN,1669013308
558,mandapam,9.2833,79.1167,78.91,78.91,57,3.83,IN,1669013309
559,furukawa,38.5717,140.9556,60.55,60.55,24,1.03,JP,1669013310
560,kosh-agach,50.0,88.6667,19.8,19.8,55,1.79,RU,1669013310
561,netolice,49.0493,14.197,39.04,37.45,100,13.22,CZ,1669013311
562,san rafael,-34.6177,-68.3301,56.61,56.61,6,5.35,AR,1669013305
563,diu,20.7141,70.9822,84.61,84.61,0,13.11,IN,1669013312
564,kharp,66.8014,65.8081,3.6,3.6,11,10.92,RU,1669013313
565,syamzha,60.0158,41.0614,14.31,14.31,5,0.18,RU,1669013313
566,watsa,3.0372,29.5355,71.24,71.24,85,2.53,CD,1669013314
567,praia,14.9215,-23.5087,73.94,73.94,40,16.11,CV,1669013314
568,padang,-0.9492,100.3543,86.05,86.05,15,6.11,ID,1669013315
569,trincomalee,8.5711,81.2335,84.09,84.09,6,4.65,LK,1669013316
570,bull savanna,17.8868,-77.5902,72.91,72.91,100,5.73,JM,1669013317
571,wageningen,51.9667,5.6667,39.11,34.07,75,5.75,NL,1669013318
572,katete,-0.7818,29.7544,63.54,63.54,100,0.78,UG,1669013318
573,kozhevnikovo,56.2589,83.9714,2.25,2.25,20,5.99,RU,1669013319
574,sechura,-5.5569,-80.8222,63.5,63.5,1,7.65,PE,1669013320
575,manicore,-5.8092,-61.3003,75.7,75.7,91,2.42,BR,1669013320
576,volksrust,-27.3654,29.8818,68.54,68.54,59,6.73,ZA,1669013321
